Workbook

Sheet P1
A1: ID | B1: A1 | C1: A2 | D1: A3 | E1: Class | H1: Y | I1: N | J1: Total | K1: Y | L1: N
A2: 1 | B2: Hot | C2: East | D2: Low | E2: Y | G2: {=_xlfn.UNIQUE(B2:B12)} -> Hot | H2: =COUNTIFS($B$2:$B$12,$G2,$E$2:$E$12,H$1) -> 3 | I2: =COUNTIFS($B$2:$B$12,$G2,$E$2:$E$12,I$1) -> 1 | J2: =SUM(H2:I2) -> 4 | K2: =H2/7 -> 0.42857143 | L2: =I2/4 -> 0.25 | M2: Hot
A3: 2 | B3: Mild | C3: West | D3: High | E3: Y | G3: Mild | H3: =COUNTIFS($B$2:$B$12,$G3,$E$2:$E$12,H$1) -> 4 | I3: =COUNTIFS($B$2:$B$12,$G3,$E$2:$E$12,I$1) -> 0 | J3: =SUM(H3:I3) -> 4 | K3: =H3/7 -> 0.57142857 | L3: =I3/4 -> 0 | M3: Mild
A4: 3 | B4: Cool | C4: East | D4: Middle | E4: N | G4: Cool | H4: =COUNTIFS($B$2:$B$12,$G4,$E$2:$E$12,H$1) -> 0 | I4: =COUNTIFS($B$2:$B$12,$G4,$E$2:$E$12,I$1) -> 3 | J4: =SUM(H4:I4) -> 3 | K4: =H4/7 -> 0 | L4: =I4/4 -> 0.75 | M4: Cool
A5: 4 | B5: Mild | C5: West | D5: Low | E5: Y | G5: Total | H5: =SUM(H2:H4) -> 7 | I5: =SUM(I2:I4) -> 4 | J5: =SUM(H5:I5) -> 11
A6: 5 | B6: Hot | C6: East | D6: Middle | E6: Y | G6: {=_xlfn.UNIQUE(C2:C12)} -> East | H6: =COUNTIFS($C$2:$C$12,$G6,$E$2:$E$12,H$1) -> 3 | I6: =COUNTIFS($C$2:$C$12,$G6,$E$2:$E$12,I$1) -> 2 | J6: =SUM(H6:I6) -> 5 | K6: =H6/7 -> 0.42857143 | L6: =I6/4 -> 0.5 | M6: East
A7: 6 | B7: Cool | C7: West | D7: Middle | E7: N | G7: West | H7: =COUNTIFS($C$2:$C$12,$G7,$E$2:$E$12,H$1) -> 4 | I7: =COUNTIFS($C$2:$C$12,$G7,$E$2:$E$12,I$1) -> 2 | J7: =SUM(H7:I7) -> 6 | K7: =H7/7 -> 0.57142857 | L7: =I7/4 -> 0.5 | M7: West
A8: 7 | B8: Hot | C8: East | D8: High | E8: Y | G8: Total | H8: =SUM(H6:H7) -> 7 | I8: =SUM(I6:I7) -> 4 | J8: =SUM(H8:I8) -> 11
A9: 8 | B9: Mild | C9: West | D9: Low | E9: Y | G9: {=_xlfn.UNIQUE(D2:D12)} -> Low | H9: =COUNTIFS($D$2:$D$12,$G9,$E$2:$E$12,H$1) -> 3 | I9: =COUNTIFS($D$2:$D$12,$G9,$E$2:$E$12,I$1) -> 1 | J9: =SUM(H9:I9) -> 4 | K9: =H9/7 -> 0.42857143 | L9: =I9/4 -> 0.25 | M9: Low
A10: 9 | B10: Hot | C10: East | D10: Low | E10: N | G10: High | H10: =COUNTIFS($D$2:$D$12,$G10,$E$2:$E$12,H$1) -> 2 | I10: =COUNTIFS($D$2:$D$12,$G10,$E$2:$E$12,I$1) -> 1 | J10: =SUM(H10:I10) -> 3 | K10: =H10/7 -> 0.28571429 | L10: =I10/4 -> 0.25 | M10: High
A11: 10 | B11: Cool | C11: West | D11: High | E11: N | G11: Middle | H11: =COUNTIFS($D$2:$D$12,$G11,$E$2:$E$12,H$1) -> 2 | I11: =COUNTIFS($D$2:$D$12,$G11,$E$2:$E$12,I$1) -> 2 | J11: =SUM(H11:I11) -> 4 | K11: =H11/7 -> 0.28571429 | L11: =I11/4 -> 0.5 | M11: Middle
A12: 11 | B12: Mild | C12: West | D12: Middle | E12: Y | G12: Total | H12: =SUM(H9:H11) -> 7 | I12: =SUM(I9:I11) -> 4 | J12: =SUM(H12:I12) -> 11

Sheet P2
A1: ID | B1: A1 | C1: A2 | D1: Class | G1: Y | H1: N | I1: Total | J1: Y | K1: N
A2: 1 | B2: Hot | C2: East | D2: Y | F2: {=_xlfn.UNIQUE(B2:B12)} -> Hot | G2: =COUNTIFS($B$2:$B$12,$F2,$D$2:$D$12,'P1'!H$1) -> 3 | H2: =COUNTIFS($B$2:$B$12,$F2,$D$2:$D$12,'P1'!I$1) -> 1 | I2: =SUM(G2:H2) -> 4 | J2: =G2/7 -> 0.42857143 | K2: =H2/4 -> 0.25 | L2: Hot
A3: 2 | B3: Mild | C3: West | D3: Y | F3: Mild | G3: =COUNTIFS($B$2:$B$12,$F3,$D$2:$D$12,'P1'!H$1) -> 4 | H3: =COUNTIFS($B$2:$B$12,$F3,$D$2:$D$12,'P1'!I$1) -> 0 | I3: =SUM(G3:H3) -> 4 | J3: =G3/7 -> 0.57142857 | K3: =H3/4 -> 0 | L3: Mild
A4: 3 | B4: Cool | C4: East | D4: N | F4: Cool | G4: =COUNTIFS($B$2:$B$12,$F4,$D$2:$D$12,'P1'!H$1) -> 0 | H4: =COUNTIFS($B$2:$B$12,$F4,$D$2:$D$12,'P1'!I$1) -> 3 | I4: =SUM(G4:H4) -> 3 | J4: =G4/7 -> 0 | K4: =H4/4 -> 0.75 | L4: Cool
A5: 4 | B5: Mild | C5: West | D5: Y | F5: Total | G5: =SUM(G2:G4) -> 7 | H5: =SUM(H2:H4) -> 4 | I5: =SUM(G5:H5) -> 11
A6: 5 | B6: Hot | C6: East | D6: Y | F6: {=_xlfn.UNIQUE(C2:C12)} -> East | G6: =COUNTIFS($C$2:$C$12,$F6,$D$2:$D$12,'P1'!H$1) -> 3 | H6: =COUNTIFS($C$2:$C$12,$F6,$D$2:$D$12,'P1'!I$1) -> 2 | I6: =SUM(G6:H6) -> 5 | J6: =G6/7 -> 0.42857143 | K6: =H6/4 -> 0.5 | L6: East
A7: 6 | B7: Cool | C7: West | D7: N | F7: West | G7: =COUNTIFS($C$2:$C$12,$F7,$D$2:$D$12,'P1'!H$1) -> 4 | H7: =COUNTIFS($C$2:$C$12,$F7,$D$2:$D$12,'P1'!I$1) -> 2 | I7: =SUM(G7:H7) -> 6 | J7: =G7/7 -> 0.57142857 | K7: =H7/4 -> 0.5 | L7: West
A8: 7 | B8: Hot | C8: East | D8: Y | F8: Total | G8: =SUM(G6:G7) -> 7 | H8: =SUM(H6:H7) -> 4 | I8: =SUM(G8:H8) -> 11
A9: 8 | B9: Mild | C9: West | D9: Y
A10: 9 | B10: Hot | C10: East | D10: N
A11: 10 | B11: Cool | C11: West | D11: N
A12: 11 | B12: Mild | C12: West | D12: Y
A15: I(7,4) | B15: 7 | C15: 4 | D15: =-(B15/(B15+C15)*LOG(B15/(B15+C15),2)+C15/(B15+C15)*LOG(C15/(B15+C15),2)) -> 0.9456603
A16: I(3,1) | B16: 3 | C16: 1 | D16: =-(B16/(B16+C16)*LOG(B16/(B16+C16),2)+C16/(B16+C16)*LOG(C16/(B16+C16),2)) -> 0.81127812
A17: I(4,0) | B17: 4 | C17: 0 | D17: 0
A18: I(0,3) | B18: 0 | C18: 3 | D18: 0
A19: I(A1) | D19: =SUM(B16:C16)/SUM(B15:C15)*D16+SUM(B17:C17)/SUM(B15:C15)*D17+SUM(B18:C18)/SUM(B15:C15)*D18 -> 0.29501023
A20: Gain(A1) | D20: =D15-D19 -> 0.65065008
A21: I(7,4) | B21: 7 | C21: 4 | D21: =-(B21/(B21+C21)*LOG(B21/(B21+C21),2)+C21/(B21+C21)*LOG(C21/(B21+C21),2)) -> 0.9456603
A22: I(3,2) | B22: 3 | C22: 2 | D22: =-(B22/(B22+C22)*LOG(B22/(B22+C22),2)+C22/(B22+C22)*LOG(C22/(B22+C22),2)) -> 0.97095059
A23: I(4,2) | B23: 4 | C23: 2 | D23: =-(B23/(B23+C23)*LOG(B23/(B23+C23),2)+C23/(B23+C23)*LOG(C23/(B23+C23),2)) -> 0.91829583
A24: I(A2) | D24: =SUM(B22:C22)/SUM(B21:C21)*D22+SUM(B23:C23)/SUM(B21:C21)*D23 -> 0.94222982
A25: Gain(A2) | D25: =D21-D24 -> 0.0034304885
